{
  "name": "ionic-datepicker",
  "version": "0.9.0",
  "authors": [
    "rajeshwarpatlolla <rajeshwar.patlolla@gmail.com>"
  ],
  "description": "A date picker component for ionic framework",
  "main": [
    "./dist/ionic-datepicker.bundle.min.js"
  ],
  "keywords": [
    "ionic-datepicker",
    "ionic",
    "datepicker",
    "datepicker for ionic",
    "datepicker for ionic framework"
  ],
  "license": "MIT",
  "homepage": "https://github.com/rajeshwarpatlolla",
  "ignore": [
    "**/.*",
    "node_modules",
    "bower_components",
    "test",
    "tests"
  ],
  "dependencies": {
    "ionic": ">=0.9.27"
  },
  "_release": "0.9.0",
  "_resolution": {
    "type": "version",
    "tag": "v0.9.0",
    "commit": "72f8de036b240ebb474a5ada85554c491e1eb814"
  },
  "_source": "git://github.com/rajeshwarpatlolla/ionic-datepicker.git",
  "_target": "^0.9.0",
  "_originalSource": "ionic-datepicker"
}