{
  "name": "satellizer",
  "main": "satellizer.js",
  "homepage": "https://github.com/sahat/satellizer",
  "ignore": [
    ".gitignore",
    ".jshintrc",
    ".travis.yml",
    "bower_components",
    "node_modules",
    "karma.conf.js",
    "package.json",
    "gulpfile.js",
    "examples",
    "coverage",
    "test"
  ],
  "dependencies": {
    "angular": ">=1.3.x"
  },
  "version": "0.13.4",
  "_release": "0.13.4",
  "_resolution": {
    "type": "version",
    "tag": "0.13.4",
    "commit": "cf42ff11775991b572e0f9e94dfc6ccfeb37319c"
  },
  "_source": "git://github.com/sahat/satellizer.git",
  "_target": "~0.13.3",
  "_originalSource": "satellizer"
}